"Time (s)","Distance (cm)"
2.763041644E-3,5.000000000E0
1.790674997E-2,0.000000000E0
3.457662498E-2,5.000000000E0